Ключевое слово,Группа,Тип соответствия
строительство ангара под ключ,Ангары общие,Фразовое
ангар из металлоконструкций под ключ,Ангары общие,Фразовое
металлический ангар под ключ цена,Ангары общие,Фразовое
построить ангар под ключ,Ангары общие,Фразовое
ангар под ключ стоимость,Ангары общие,Фразовое
ангар из металлоконструкций цена,Ангары общие,Фразовое
купить ангар под ключ,Ангары общие,Фразовое
ангар под ключ цена за м2,Ангары общие,Фразовое
строительство металлического ангара,Ангары общие,Фразовое
быстровозводимый ангар под ключ,Ангары общие,Фразовое
ангар из сэндвич панелей под ключ,Ангары общие,Фразовое
ангар металлический купить,Ангары общие,Фразовое
сборный металлический ангар,Ангары общие,Фразовое
ангар для хранения техники,Ангары общие,Фразовое
ангар для производства под ключ,Ангары общие,Фразовое
ангар 200 м2 под ключ цена,Ангары по размерам,Фразовое
ангар 300 м2 под ключ цена,Ангары по размерам,Фразовое
ангар 500 м2 под ключ цена,Ангары по размерам,Фразовое
ангар 1000 м2 под ключ цена,Ангары по размерам,Фразовое
ангар 1500 м2 под ключ цена,Ангары по размерам,Фразовое
ангар 2000 м2 под ключ цена,Ангары по размерам,Фразовое
ангар 3000 м2 под ключ цена,Ангары по размерам,Фразовое
ангар 5000 м2 под ключ цена,Ангары по размерам,Фразовое
ангар 10000 м2 под ключ цена,Ангары по размерам,Фразовое
ангар 20х40 под ключ цена,Ангары по размерам,Фразовое
ангар 24х60 под ключ цена,Ангары по размерам,Фразовое
ангар 30х60 под ключ цена,Ангары по размерам,Фразовое
ангар 12х24 под ключ цена,Ангары по размерам,Фразовое
ангар 15х30 под ключ цена,Ангары по размерам,Фразовое
ангар 18х36 под ключ цена,Ангары по размерам,Фразовое
строительство ангаров в Москве под ключ,Ангары по городам,Фразовое
ангар под ключ Москва цена,Ангары по городам,Фразовое
строительство ангаров в Санкт-Петербурге,Ангары по городам,Фразовое
ангар под ключ Санкт-Петербург,Ангары по городам,Фразовое
строительство ангаров Новосибирск,Ангары по городам,Фразовое
ангар под ключ Екатеринбург,Ангары по городам,Фразовое
строительство ангаров Казань,Ангары по городам,Фразовое
ангар под ключ Краснодар,Ангары по городам,Фразовое
строительство ангаров Ростов-на-Дону,Ангары по городам,Фразовое
ангар под ключ Тюмень,Ангары по городам,Фразовое
строительство ангаров Уфа,Ангары по городам,Фразовое
ангар под ключ Самара,Ангары по городам,Фразовое
строительство ангаров Воронеж,Ангары по городам,Фразовое
ангар под ключ Нижний Новгород,Ангары по городам,Фразовое
строительство ангаров Челябинск,Ангары по городам,Фразовое
строительство склада под ключ,Склады,Фразовое
металлический склад под ключ цена,Склады,Фразовое
строительство склада из металлоконструкций,Склады,Фразовое
склад из сэндвич панелей под ключ,Склады,Фразовое
построить склад под ключ,Склады,Фразовое
строительство склада цена за м2,Склады,Фразовое
склад под ключ стоимость,Склады,Фразовое
строительство складского комплекса,Склады,Фразовое
логистический склад строительство,Склады,Фразовое
тёплый склад под ключ,Склады,Фразовое
холодный склад под ключ,Склады,Фразовое
склад хранения строительство,Склады,Фразовое
строительство склада 1000 м2,Склады,Фразовое
строительство склада 2000 м2,Склады,Фразовое
строительство склада 5000 м2,Склады,Фразовое
строительство склада под ключ Москва,Склады,Фразовое
строительство склада под ключ цена м2,Склады,Фразовое
распределительный центр строительство,Склады,Фразовое
строительство склада из сэндвич панелей цена,Склады,Фразовое
склад из металлоконструкций цена,Склады,Фразовое
строительство производственного здания под ключ,Производственные здания,Фразовое
строительство цеха из металлоконструкций,Производственные здания,Фразовое
производственное здание из металлоконструкций под ключ,Производственные здания,Фразовое
строительство завода под ключ,Производственные здания,Фразовое
строительство цеха под ключ цена,Производственные здания,Фразовое
промышленное строительство под ключ,Производственные здания,Фразовое
строительство производственного корпуса,Производственные здания,Фразовое
производственный цех из металлоконструкций цена,Производственные здания,Фразовое
строительство промышленного здания под ключ,Производственные здания,Фразовое
строительство производственного здания цена м2,Производственные здания,Фразовое
цех из сэндвич панелей под ключ,Производственные здания,Фразовое
строительство мастерской из металлоконструкций,Производственные здания,Фразовое
строительство производственных зданий из сэндвич панелей,Производственные здания,Фразовое
промышленное здание из металлоконструкций цена,Производственные здания,Фразовое
строительство производственного здания стоимость,Производственные здания,Фразовое
строительство зернохранилища под ключ,Сельскохозяйственные здания,Фразовое
зернохранилище из металлоконструкций цена,Сельскохозяйственные здания,Фразовое
строительство коровника под ключ,Сельскохозяйственные здания,Фразовое
коровник из металлоконструкций под ключ,Сельскохозяйственные здания,Фразовое
строительство птичника под ключ,Сельскохозяйственные здания,Фразовое
птичник из металлоконструкций цена,Сельскохозяйственные здания,Фразовое
строительство сельскохозяйственного здания,Сельскохозяйственные здания,Фразовое
ангар для техники сельскохозяйственной,Сельскохозяйственные здания,Фразовое
строительство навеса для техники,Сельскохозяйственные здания,Фразовое
зернохранилище строительство цена за тонну,Сельскохозяйственные здания,Фразовое
строительство фермы из металлоконструкций,Сельскохозяйственные здания,Фразовое
сельскохозяйственный ангар под ключ,Сельскохозяйственные здания,Фразовое
строительство овощехранилища под ключ,Сельскохозяйственные здания,Фразовое
хранилище для зерна металлическое купить,Сельскохозяйственные здания,Фразовое
строительство конюшни из металлоконструкций,Сельскохозяйственные здания,Фразовое
строительство торгового здания из металлоконструкций,Торговые здания,Фразовое
торговый павильон из металлоконструкций под ключ,Торговые здания,Фразовое
строительство магазина из металлоконструкций,Торговые здания,Фразовое
торговый центр из металлоконструкций под ключ,Торговые здания,Фразовое
строительство торгового центра под ключ цена,Торговые здания,Фразовое
магазин из сэндвич панелей под ключ,Торговые здания,Фразовое
строительство супермаркета под ключ,Торговые здания,Фразовое
торговый павильон из сэндвич панелей цена,Торговые здания,Фразовое
строительство торгового павильона цена,Торговые здания,Фразовое
металлический магазин под ключ,Торговые здания,Фразовое
строительство спортивного зала из металлоконструкций,Спортивные сооружения,Фразовое
спортивный манеж из металлоконструкций под ключ,Спортивные сооружения,Фразовое
строительство крытого стадиона под ключ,Спортивные сооружения,Фразовое
строительство бассейна из металлоконструкций,Спортивные сооружения,Фразовое
спортивный зал под ключ цена,Спортивные сооружения,Фразовое
строительство фитнес-центра из металлоконструкций,Спортивные сооружения,Фразовое
крытый спортивный комплекс строительство,Спортивные сооружения,Фразовое
строительство ледового катка под ключ,Спортивные сооружения,Фразовое
спортивное сооружение из металлоконструкций цена,Спортивные сооружения,Фразовое
строительство спортивного манежа цена,Спортивные сооружения,Фразовое
металлоконструкции под ключ,Металлоконструкции,Фразовое
изготовление металлоконструкций под ключ,Металлоконструкции,Фразовое
монтаж металлоконструкций цена,Металлоконструкции,Фразовое
производство металлоконструкций для зданий,Металлоконструкции,Фразовое
металлокаркас здания цена,Металлоконструкции,Фразовое
изготовление металлокаркаса,Металлоконструкции,Фразовое
монтаж металлокаркаса цена,Металлоконструкции,Фразовое
металлоконструкции для промышленных зданий,Металлоконструкции,Фразовое
металлоконструкции для склада цена,Металлоконструкции,Фразовое
заказать металлоконструкции для ангара,Металлоконструкции,Фразовое
завод металлоконструкций под ключ,Металлоконструкции,Фразовое
металлоконструкции ЛСТК цена,Металлоконструкции,Фразовое
ЛСТК здание под ключ,Металлоконструкции,Фразовое
металлоконструкции для быстровозводимых зданий,Металлоконструкции,Фразовое
стальные конструкции для промышленных объектов,Металлоконструкции,Фразовое
строительство из сэндвич панелей под ключ,Сэндвич-панели,Фразовое
строительство зданий из сэндвич панелей,Сэндвич-панели,Фразовое
строительство из сэндвич панелей цена,Сэндвич-панели,Фразовое
здание из сэндвич панелей под ключ,Сэндвич-панели,Фразовое
строительство из сэндвич панелей цена м2,Сэндвич-панели,Фразовое
строительство склада из сэндвич панелей под ключ,Сэндвич-панели,Фразовое
строительство ангаров из сэндвич панелей под ключ,Сэндвич-панели,Фразовое
строительство производственных зданий из сэндвич панелей,Сэндвич-панели,Фразовое
стоимость строительства из сэндвич панелей,Сэндвич-панели,Фразовое
строительство зданий из металлоконструкций и сэндвич панелей,Сэндвич-панели,Фразовое
быстровозводимые здания под ключ,Быстровозводимые здания,Фразовое
быстровозводимые здания из металлоконструкций цена,Быстровозводимые здания,Фразовое
быстровозводимое здание цена м2,Быстровозводимые здания,Фразовое
быстровозводимые производственные здания,Быстровозводимые здания,Фразовое
быстровозводимые склады под ключ,Быстровозводимые здания,Фразовое
быстровозводимые ангары цена,Быстровозводимые здания,Фразовое
строительство быстровозводимых зданий из сэндвич панелей,Быстровозводимые здания,Фразовое
быстровозводимые здания для производства,Быстровозводимые здания,Фразовое
быстровозводимые здания для склада,Быстровозводимые здания,Фразовое
быстровозводимые здания для сельского хозяйства,Быстровозводимые здания,Фразовое
навес из металлоконструкций под ключ,Навесы и каркасы,Фразовое
навес металлический цена,Навесы и каркасы,Фразовое
навес из металлопрофиля под ключ,Навесы и каркасы,Фразовое
навес для автомобилей из металлоконструкций,Навесы и каркасы,Фразовое
навес для техники металлический,Навесы и каркасы,Фразовое
каркас здания из металлоконструкций,Навесы и каркасы,Фразовое
каркасное здание под ключ цена,Навесы и каркасы,Фразовое
металлический каркас для здания цена,Навесы и каркасы,Фразовое
каркас промышленного здания,Навесы и каркасы,Фразовое
каркас склада металлический,Навесы и каркасы,Фразовое
проектирование промышленных зданий,Проектирование,Фразовое
проект ангара из металлоконструкций,Проектирование,Фразовое
проектирование склада из металлоконструкций,Проектирование,Фразовое
проект производственного здания цена,Проектирование,Фразовое
проектирование быстровозводимых зданий,Проектирование,Фразовое
расчёт стоимости строительства ангара,Проектирование,Фразовое
калькулятор стоимости ангара,Проектирование,Фразовое
смета на строительство склада,Проектирование,Фразовое
смета на строительство ангара,Проектирование,Фразовое
стоимость проекта промышленного здания,Проектирование,Фразовое
фундамент под ангар цена,Фундамент и инженерия,Фразовое
фундамент под промышленное здание,Фундамент и инженерия,Фразовое
фундамент под склад из металлоконструкций,Фундамент и инженерия,Фразовое
монолитный фундамент под ангар,Фундамент и инженерия,Фразовое
свайный фундамент под ангар цена,Фундамент и инженерия,Фразовое
вентиляция промышленного здания,Фундамент и инженерия,Фразовое
отопление ангара под ключ,Фундамент и инженерия,Фразовое
электроснабжение промышленного здания,Фундамент и инженерия,Фразовое
ворота для ангара промышленные,Фундамент и инженерия,Фразовое
ворота секционные для склада,Фундамент и инженерия,Фразовое
строительство промышленных объектов под ключ,Коммерческие запросы,Фразовое
строительная компания металлоконструкции,Коммерческие запросы,Фразовое
строительство зданий из металла под ключ,Коммерческие запросы,Фразовое
металлические здания под ключ цена,Коммерческие запросы,Фразовое
строительство нежилых зданий из металлоконструкций,Коммерческие запросы,Фразовое
строительство объектов из металлоконструкций,Коммерческие запросы,Фразовое
промышленное строительство металлоконструкции,Коммерческие запросы,Фразовое
строительство зданий под ключ металл,Коммерческие запросы,Фразовое
строительство промышленных зданий цена,Коммерческие запросы,Фразовое
строительство промышленных зданий Россия,Коммерческие запросы,Фразовое
строительство ангара под ключ цена за м2,Дополнительные услуги,Фразовое
ангар под ключ с фундаментом цена,Дополнительные услуги,Фразовое
ангар под ключ с утеплением цена,Дополнительные услуги,Фразовое
ангар с воротами под ключ,Дополнительные услуги,Фразовое
строительство склада под ключ Россия,Дополнительные услуги,Фразовое
строительство промышленного здания стоимость м2,Дополнительные услуги,Фразовое
металлические конструкции для строительства зданий,Дополнительные услуги,Фразовое
строительство здания из металлопрофиля,Дополнительные услуги,Фразовое
строительство промышленного склада под ключ,Дополнительные услуги,Фразовое
строительство ангара под ключ с гарантией,Дополнительные услуги,Фразовое
